"turma";"codigo";"t.nome.nativo";"t.nome.exotico";"t.origem.nativo";"t.origem.exotico";"t.indice.nativo";"t.indice.exotico";"t.ave.nat";"t.ave.exo";"t.inv.nat";"t.inv.exo";"t.mam.nat";"t.mam.exo";"t.pei.nat";"t.pei.exo";"t.rep.nat";"t.rep.exo"
1;1;4;4;4;4;4;4;1;1;0;1;1;1;1;1;1;0
1;2;4;4;5;3;4;3;1;1;0;0;1;1;1;1;1;0
1;3;5;4;5;3;5;3;1;1;1;0;1;1;1;1;1;0
1;4;4;3;5;3;4;3;1;1;1;0;1;1;0;1;1;0
1;5;2;2;3;3;1;2;0;0;0;0;1;1;0;1;0;0
1;6;3;3;5;3;3;2;1;0;1;0;1;1;0;1;0;0
1;7;3;3;5;5;3;3;0;0;1;1;1;1;1;1;0;0
1;8;5;5;5;5;5;5;1;1;1;1;1;1;1;1;1;1
1;9;3;4;4;1;3;1;1;0;0;0;1;0;0;1;1;0
1;10;4;4;5;3;4;3;1;0;1;1;1;1;0;1;1;0
1;11;4;4;5;2;4;2;1;1;1;0;0;0;1;1;1;0
1;12;4;4;5;4;4;3;1;0;0;1;1;0;1;1;1;1
1;13;5;2;4;0;4;0;1;0;1;0;1;0;0;0;1;0
1;14;5;5;4;5;4;5;1;1;0;1;1;1;1;1;1;1
1;15;5;5;5;3;5;3;1;1;1;0;1;1;1;1;1;0
1;16;2;2;3;2;2;1;1;1;0;0;0;0;0;0;1;0
1;17;5;2;4;4;4;1;1;1;0;0;1;0;1;0;1;0
1;18;4;3;2;2;1;2;1;0;0;1;0;0;0;1;0;0
1;19;2;3;1;3;0;2;0;0;0;1;0;0;0;0;0;1
1;20;3;3;3;3;1;2;0;0;0;0;1;1;0;0;0;1
1;21;3;2;3;1;2;1;0;0;1;0;1;0;0;0;0;1
1;22;4;4;4;4;3;4;0;1;0;0;1;1;1;1;1;1
1;23;3;3;4;2;3;2;1;0;1;0;1;1;0;0;0;1
1;24;5;3;3;2;3;1;1;0;0;0;1;1;0;0;1;0
1;25;3;3;5;2;3;2;1;0;1;0;1;1;0;0;0;1
1;26;5;4;5;2;5;2;1;0;1;0;1;1;1;0;1;1
1;27;5;3;0;2;0;1;0;0;0;0;0;0;0;0;0;1
1;28;3;5;3;5;2;5;1;1;0;1;0;1;1;1;0;1
1;29;5;4;5;3;5;2;1;0;1;0;1;1;1;1;1;0
1;30;5;4;5;3;5;3;1;0;1;0;1;1;1;1;1;1
1;31;5;5;5;5;5;5;1;1;1;1;1;1;1;1;1;1
1;32;3;4;4;4;3;4;1;1;0;0;0;1;1;1;1;1
1;33;2;5;2;4;2;4;0;0;0;1;0;1;1;1;1;1
1;34;5;5;4;3;4;3;1;0;1;1;1;1;0;1;1;0
1;35;2;4;4;3;2;2;1;0;0;0;0;1;0;1;1;0
1;36;3;4;0;4;0;3;0;0;0;1;0;1;0;1;0;0
2;37;3;5;3;5;3;5;1;1;0;1;1;1;0;1;1;1
2;38;4;4;5;2;4;2;1;0;0;0;1;1;1;1;1;0
2;39;4;4;3;3;3;3;1;1;0;1;1;1;0;0;1;0
2;41;3;5;4;3;3;3;1;1;0;0;1;1;1;1;0;0
2;42;4;3;4;4;4;3;1;1;1;1;1;1;0;0;1;0
2;43;2;4;3;3;2;3;1;1;0;0;1;1;0;1;0;0
2;44;5;5;4;3;4;3;1;1;0;1;1;0;1;1;1;0
2;45;4;4;5;5;4;4;1;1;1;1;1;1;1;0;0;1
2;46;3;4;3;3;1;3;1;0;0;1;0;1;0;1;0;0
2;47;5;3;5;5;5;3;1;1;1;1;1;1;1;0;1;0
2;48;5;4;5;2;5;2;1;0;1;1;1;0;1;1;1;0
2;49;1;2;2;5;1;2;0;1;0;1;0;0;0;0;1;0
2;50;5;5;2;5;2;5;1;1;0;1;1;1;0;1;0;1
2;51;4;4;3;2;2;1;1;0;0;0;0;0;0;0;1;1
2;52;5;4;4;2;4;2;1;0;0;0;1;1;1;0;1;1
2;53;5;3;4;3;4;3;1;0;0;0;1;1;1;1;1;1
2;54;4;3;2;3;1;2;0;0;1;0;0;1;0;0;0;1
2;55;3;2;1;3;1;2;0;0;0;0;0;1;1;0;0;1
2;56;4;1;3;1;3;1;1;0;0;0;1;0;0;0;1;1
2;57;2;3;2;3;0;2;0;0;0;0;0;1;0;0;0;1
2;58;4;3;5;2;4;1;1;0;1;0;1;1;1;0;0;0
2;59;4;3;4;2;4;2;1;0;1;1;0;0;1;1;1;0
2;60;0;2;4;2;0;2;0;0;0;0;0;1;0;1;0;0
2;61;2;2;5;2;2;1;0;0;0;0;0;0;1;1;1;0
2;62;2;4;4;3;2;3;1;0;0;1;0;1;0;1;1;0
3;63;4;5;2;3;2;3;0;0;1;0;0;1;1;1;0;1
3;65;3;5;5;5;3;5;1;1;0;1;0;1;1;1;1;1
3;66;1;4;3;3;1;3;0;1;0;1;1;1;0;0;0;0
3;67;4;4;5;3;4;3;1;0;0;0;1;1;1;1;1;1
3;68;2;4;3;4;2;3;1;0;0;0;0;1;1;1;0;1
3;69;1;5;3;3;0;3;0;0;0;1;0;1;0;1;0;0
3;70;5;3;2;2;2;1;1;0;0;0;0;0;1;1;0;0
3;71;3;5;4;3;3;3;1;0;0;1;1;1;0;0;1;1
3;72;4;5;4;2;3;2;1;0;0;0;0;1;1;1;1;0
3;73;4;4;4;2;4;2;1;0;0;0;1;1;1;0;1;1
3;74;2;3;5;0;2;0;1;0;0;0;0;0;1;0;0;0
3;75;4;2;4;3;3;1;1;0;0;0;1;0;0;0;1;1
3;76;5;4;4;2;4;2;1;1;0;0;1;0;1;0;1;1
3;77;4;2;4;1;3;0;0;0;1;0;1;0;1;0;0;0
3;78;2;1;3;1;1;1;0;0;0;0;0;0;1;0;0;1
3;79;4;4;5;2;4;2;1;0;0;0;1;1;1;0;1;1
3;80;4;4;5;2;4;2;1;0;0;0;1;1;1;0;1;1
3;81;3;4;4;4;3;3;1;0;1;1;0;0;1;1;0;1
3;82;3;3;5;1;3;1;1;0;1;0;1;0;0;0;0;1
3;83;5;2;4;2;4;1;1;0;1;0;0;0;1;0;1;1
3;84;5;3;3;3;3;1;1;0;0;0;1;0;0;1;1;0
3;85;5;1;4;3;4;1;1;1;0;0;1;0;1;0;1;0
3;86;4;5;4;2;3;2;0;1;1;0;1;0;0;1;1;0
3;87;5;4;3;3;3;3;1;1;0;1;1;0;1;1;0;0
3;88;3;2;3;1;2;0;1;0;0;0;0;0;0;0;1;0
3;89;5;2;4;3;4;1;1;1;0;0;1;0;1;0;1;0
3;90;5;4;5;4;5;4;1;1;1;1;1;1;1;1;1;0
3;91;5;4;5;3;5;3;1;1;1;0;1;1;1;1;1;0
3;92;4;4;5;4;4;3;1;1;0;1;1;1;1;0;1;0
3;93;3;2;2;4;2;2;0;0;0;1;1;1;1;0;0;0
3;94;4;4;5;1;4;1;1;0;0;0;1;1;1;0;1;0
3;95;5;5;3;3;3;3;0;1;1;0;1;0;1;1;0;1
3;96;4;5;4;5;4;5;1;1;0;1;1;1;1;1;1;1
3;97;4;4;5;5;4;4;1;1;1;0;1;1;0;1;1;1
3;98;3;2;4;3;3;2;1;0;1;1;1;1;0;0;0;0
3;99;3;4;3;3;2;3;1;1;0;1;1;0;0;1;0;0
3;100;5;5;5;2;5;2;1;0;1;0;1;1;1;0;1;1
4;101;4;4;4;3;4;3;1;1;0;0;1;1;1;1;1;0
4;102;3;4;4;4;2;4;0;1;1;1;1;1;0;1;0;0
4;103;4;3;4;4;4;3;1;1;0;0;1;1;1;0;1;1
4;104;5;5;5;4;5;4;1;1;1;0;1;1;1;1;1;1
4;105;3;5;4;3;3;3;1;1;0;0;1;1;0;1;1;0
4;106;3;5;4;2;3;2;1;1;0;0;1;1;0;0;1;0
4;107;4;4;2;4;2;3;1;1;0;0;1;1;0;1;0;0
4;108;5;5;4;4;4;4;1;1;0;1;1;1;1;1;1;0
4;109;5;5;5;4;5;4;1;1;1;1;1;1;1;1;1;0
4;110;5;2;4;4;4;2;1;0;0;1;1;0;1;1;1;0
4;111;4;4;4;3;3;3;1;1;1;1;1;0;0;1;0;0
4;112;4;4;4;4;4;4;1;1;1;1;1;1;0;1;1;0
4;113;4;2;4;2;3;1;1;0;0;1;1;0;0;0;1;0
4;114;3;5;4;3;3;3;1;0;1;0;1;1;0;1;0;1
4;115;4;4;5;4;4;4;1;1;1;0;1;1;0;1;1;1
4;116;4;5;5;0;4;0;1;0;1;0;1;0;1;0;0;0
4;117;5;4;5;3;5;3;1;1;1;0;1;1;1;0;1;1
4;118;3;2;1;1;0;0;0;0;0;0;0;0;0;0;0;0
4;119;5;4;4;2;4;2;1;0;1;0;1;1;0;0;1;1
4;120;2;4;2;2;0;2;0;0;0;0;0;1;0;0;0;1
4;121;2;5;4;5;2;5;1;1;0;1;0;1;0;1;1;1
4;122;3;4;4;3;2;2;0;0;0;1;1;1;0;0;1;0
4;123;0;5;4;1;0;1;0;0;0;0;0;1;0;0;0;0
4;124;5;3;5;4;5;3;1;1;1;0;1;1;1;1;1;0
4;125;3;4;2;4;2;4;1;1;0;0;0;1;1;1;0;1
5;126;4;5;4;5;4;5;1;1;1;1;0;1;1;1;1;1
5;127;2;4;4;3;2;3;1;1;0;0;0;1;0;1;1;0
5;128;2;5;2;3;1;3;0;0;1;1;0;1;0;1;0;0
5;129;2;3;4;4;2;2;0;0;0;0;0;1;1;1;1;0
5;130;5;3;5;2;5;2;1;0;1;0;1;1;1;1;1;0
5;131;3;3;4;3;3;3;1;0;1;1;0;1;0;1;1;0
5;132;3;5;1;4;1;4;1;1;0;0;0;1;0;1;0;1
5;133;5;5;5;4;5;4;1;1;1;1;1;1;1;1;1;0
5;134;3;4;4;3;3;3;1;0;0;1;1;1;1;1;0;0
5;135;4;3;4;3;4;3;1;0;0;1;1;1;1;1;1;0
5;136;5;5;5;3;5;3;1;1;1;0;1;1;1;1;1;0
5;137;5;3;5;4;5;3;1;1;1;0;1;1;1;0;1;1
5;138;4;3;3;4;3;2;1;1;0;0;1;1;0;0;1;0
5;139;4;4;3;4;3;4;1;1;0;1;1;1;0;1;1;0
5;140;4;2;4;4;3;1;1;0;0;0;1;1;0;0;1;0
5;141;3;3;3;3;3;3;1;1;0;0;1;1;1;1;0;0
5;142;5;5;5;3;5;3;1;1;1;1;1;0;1;1;1;0
5;143;4;5;3;3;2;3;1;1;0;1;0;0;0;1;1;0
5;144;4;4;4;4;3;3;1;0;0;1;1;0;0;1;1;1
5;145;5;5;4;5;4;5;1;1;0;1;1;1;1;1;1;1
5;146;4;4;5;5;4;4;1;0;1;1;1;1;0;1;1;1
5;147;5;4;4;2;4;2;1;0;0;0;1;1;1;0;1;1
5;148;4;3;4;2;3;2;1;0;0;1;1;0;1;1;0;0
5;149;5;4;5;2;5;2;1;0;1;0;1;1;1;0;1;1
5;150;3;3;5;2;3;2;1;0;0;0;0;1;1;0;1;1
5;151;4;4;5;2;4;2;1;0;1;0;1;1;0;0;1;1
5;152;4;3;4;3;3;2;1;0;0;0;1;1;0;0;1;1
5;153;5;4;4;1;4;1;1;0;0;0;1;0;1;0;1;1
5;154;3;3;3;2;3;2;1;0;0;1;1;0;0;0;1;1
5;155;3;1;4;1;3;0;1;0;1;0;1;0;0;0;0;0
5;156;3;5;3;2;2;2;1;0;0;1;0;1;0;0;1;0
6;157;4;5;5;5;4;5;1;1;0;1;1;1;1;1;1;1
6;158;5;5;4;4;4;4;0;0;1;1;1;1;1;1;1;1
6;159;1;5;3;3;1;3;0;0;0;0;0;1;0;1;1;1
6;160;3;5;5;5;3;5;1;1;0;1;0;1;1;1;1;1
6;161;3;5;3;4;2;4;0;1;0;1;1;1;1;1;0;0
6;162;3;5;2;4;2;4;0;0;1;1;0;1;1;1;0;1
6;163;4;4;5;4;4;4;1;1;0;0;1;1;1;1;1;1
6;164;3;2;2;2;2;2;0;0;1;0;1;0;0;1;0;1
6;165;3;3;2;3;1;3;0;0;0;0;0;1;0;1;1;1
6;166;5;5;5;4;5;4;1;1;1;1;1;1;1;1;1;0
6;167;4;3;5;4;4;3;1;1;1;1;1;0;0;1;1;0
6;168;4;5;4;3;3;3;1;0;1;1;1;1;0;1;0;0
6;169;4;2;4;4;3;2;1;0;0;1;0;0;1;1;1;0
6;170;5;3;4;4;4;3;1;1;0;0;1;1;1;1;1;0
6;171;5;3;0;2;0;2;0;0;0;1;0;0;0;1;0;0
6;172;4;2;5;0;4;0;1;0;0;0;1;0;1;0;1;0
6;173;3;3;3;3;2;1;1;0;0;0;1;1;0;0;0;0
6;174;2;3;5;3;2;2;1;1;0;0;1;1;0;0;0;0
6;175;3;4;2;5;1;4;0;1;0;1;1;1;0;0;0;1
6;176;4;2;4;3;4;2;1;0;1;0;1;1;1;1;0;0
6;177;4;4;5;4;4;4;1;1;0;1;1;1;1;1;1;0
6;178;4;4;5;4;4;4;1;1;0;1;1;1;1;1;1;0
6;179;3;2;2;3;2;2;0;0;1;0;0;1;1;1;0;0
6;180;3;3;4;3;2;2;1;0;0;0;1;0;0;1;0;1
6;181;3;3;3;3;1;2;0;0;0;0;0;0;0;1;1;1
6;182;5;4;5;3;5;3;1;0;1;0;1;1;1;1;1;1
6;183;5;4;5;3;5;3;1;0;1;0;1;1;1;1;1;1
6;184;4;2;5;2;4;1;1;0;1;0;1;0;0;0;1;1
7;477;5;4;5;3;5;3;1;1;1;0;1;1;1;1;1;0
7;478;3;2;4;2;3;1;1;0;0;0;1;1;0;0;1;0
7;479;3;4;3;3;2;3;1;1;0;0;1;1;0;1;0;0
7;480;3;4;4;3;3;2;1;0;0;0;1;1;1;1;0;0
7;481;3;4;5;3;3;3;1;0;1;1;1;1;0;1;0;0
7;482;3;3;3;4;2;2;0;0;0;1;1;1;1;0;0;0
7;483;3;4;4;5;3;4;1;1;0;1;1;1;0;1;1;0
7;484;3;4;3;4;2;4;1;0;0;1;0;1;0;1;1;1
7;485;3;5;2;3;1;3;1;1;0;1;0;0;0;1;0;0
7;486;4;5;3;2;2;2;1;0;0;1;0;0;1;1;0;0
7;487;4;4;5;4;4;4;1;1;1;1;1;0;0;1;1;1
7;488;2;3;4;2;2;2;1;1;0;0;0;0;0;1;1;0
7;489;1;3;2;3;1;1;0;0;0;0;1;1;0;0;0;0
7;490;3;2;3;4;2;2;1;1;0;0;1;0;0;0;0;1
7;491;3;3;5;2;3;1;1;0;0;0;1;0;1;0;0;1
7;492;4;2;4;1;3;1;1;0;1;0;1;0;0;0;0;1
7;493;3;4;3;2;2;2;1;0;0;0;1;1;0;0;0;1
7;494;4;2;5;3;4;2;1;0;1;0;1;1;0;0;1;1
7;495;2;5;3;5;2;5;1;1;0;1;0;1;0;1;1;1
7;496;1;4;3;2;1;2;0;0;0;0;0;0;0;1;1;1
7;497;5;4;5;3;5;3;1;1;1;0;1;1;1;0;1;1
7;498;3;5;2;5;2;5;1;1;0;1;0;1;0;1;1;1
7;499;3;4;5;3;3;3;0;0;1;0;0;1;1;1;1;1
8;500;4;4;5;3;4;3;1;0;1;1;1;1;0;1;1;0
8;501;4;5;2;3;2;3;1;1;0;0;1;1;0;0;0;1
8;502;3;3;5;4;3;2;1;1;1;0;1;1;0;0;0;0
8;503;1;4;3;4;1;3;0;0;0;0;0;1;1;1;0;1
8;504;2;2;2;2;1;1;0;0;0;0;1;0;0;0;0;1
8;505;4;3;4;3;4;2;1;0;1;1;1;1;1;0;0;0
8;506;5;1;4;1;4;1;1;0;1;0;1;0;0;0;1;1
8;507;1;5;4;5;1;5;0;1;0;1;0;1;0;1;1;1
8;508;4;4;4;4;4;3;1;1;1;1;1;1;0;0;1;0
8;509;2;5;3;4;2;4;1;1;0;1;1;1;0;1;0;0
8;510;3;2;3;3;2;1;1;0;1;0;0;1;0;0;0;0
8;511;4;3;4;4;4;2;1;0;1;1;1;1;0;0;1;0
8;512;1;4;3;4;0;4;0;1;0;0;0;1;0;1;0;1
8;513;4;4;3;2;3;2;1;0;0;1;1;0;0;1;1;0
8;514;3;3;4;2;3;2;1;1;0;0;1;1;1;0;0;0
8;515;5;4;4;2;4;2;1;0;1;0;1;1;0;1;1;0
8;516;3;2;3;0;1;0;0;0;1;0;0;0;0;0;0;0
8;517;4;4;4;4;4;3;1;0;1;1;1;1;0;1;1;0
8;518;3;3;5;4;3;3;0;1;1;0;0;1;1;1;1;0
8;519;3;3;3;4;2;2;1;0;0;0;0;1;0;1;1;0
8;520;5;3;5;3;5;2;1;0;1;0;1;1;1;0;1;1
9;243;4;1;4;2;4;0;0;0;1;0;1;0;1;0;1;0
9;244;3;4;5;5;3;4;1;1;0;0;0;1;1;1;1;1
9;245;5;4;5;4;5;4;1;1;1;0;1;1;1;1;1;1
9;246;3;4;4;4;2;4;1;1;0;0;0;1;1;1;0;1
9;247;2;4;5;4;2;4;1;1;1;0;0;1;0;1;0;1
9;248;3;4;5;3;3;3;1;0;0;0;0;1;1;1;1;1
9;249;1;4;2;3;0;3;0;1;0;0;0;1;0;1;0;0
9;250;2;4;2;3;1;3;0;0;1;1;0;1;0;1;0;0
9;251;5;4;5;2;5;2;1;0;1;0;1;1;1;0;1;1
9;252;1;4;4;2;1;2;1;0;0;0;0;0;0;1;0;1
9;253;2;1;2;1;2;1;1;0;0;0;1;0;0;0;0;1
9;254;5;4;4;3;4;2;1;0;1;0;1;1;0;0;1;1
9;255;2;3;5;2;2;1;0;0;0;0;1;1;0;0;1;0
9;256;5;3;4;0;4;0;1;0;0;0;1;0;1;0;1;0
9;257;3;3;5;2;3;2;1;0;1;0;1;1;0;0;0;1
9;258;2;2;2;2;2;2;1;0;0;0;1;1;0;0;0;1
9;259;5;3;5;2;5;2;1;0;1;0;1;1;1;0;1;1
9;260;3;4;3;5;2;4;1;1;0;1;1;1;0;0;0;1
9;261;4;2;1;2;0;1;0;1;0;0;0;0;0;0;0;0
9;262;3;1;4;3;3;0;1;0;1;0;1;0;0;0;0;0
9;263;5;3;5;2;5;2;1;1;1;0;1;1;1;0;1;0
9;264;5;4;5;3;5;3;1;1;1;1;1;0;1;1;1;0
9;265;4;5;2;5;2;5;1;1;0;1;0;1;1;1;0;1
9;266;4;4;4;5;3;4;1;1;0;1;1;1;0;1;1;0
9;267;4;3;4;3;3;2;1;1;0;0;1;1;0;0;1;0
9;268;5;3;4;3;4;3;1;1;1;0;1;0;0;1;1;1
9;269;5;5;5;5;5;5;1;1;1;1;1;1;1;1;1;1
9;270;3;3;2;4;2;3;1;0;0;1;1;1;0;1;0;0
9;271;3;4;3;3;3;3;1;1;0;0;1;1;1;1;0;0
9;272;5;3;5;4;5;3;1;1;1;1;1;0;1;1;1;0
9;273;4;3;5;3;4;2;1;0;0;0;1;1;1;1;1;0
9;274;5;3;3;4;3;3;1;1;0;1;1;1;1;0;0;0
9;275;4;5;5;3;4;3;1;1;1;0;1;1;0;1;1;0
9;276;3;3;4;4;3;3;1;0;0;1;1;1;0;1;1;0
9;277;3;3;3;2;3;2;1;0;0;0;1;1;1;1;0;0
10;278;5;5;5;4;5;4;1;1;1;0;1;1;1;1;1;1
10;279;4;4;4;4;4;4;1;1;0;1;1;1;1;1;1;0
10;280;4;4;5;2;4;2;1;0;0;0;1;1;1;1;1;0
10;281;2;4;4;4;2;3;1;0;0;1;1;1;0;0;0;1
10;282;2;4;3;5;2;4;1;0;0;1;1;1;0;1;0;1
10;283;2;4;4;4;2;3;1;1;0;0;1;1;0;1;0;0
10;284;5;4;5;4;5;4;1;1;1;1;1;1;1;1;1;0
10;285;5;4;5;4;5;4;1;1;1;1;1;1;1;1;1;0
10;286;2;3;4;4;2;2;1;0;0;1;1;0;0;1;0;0
10;287;4;4;4;3;4;2;1;0;0;0;1;1;1;0;1;1
10;289;5;3;5;4;5;3;1;0;1;1;1;1;1;1;1;0
10;290;5;5;5;3;5;3;1;1;1;0;1;1;1;1;1;0
10;291;5;5;4;4;4;4;1;0;0;1;1;1;1;1;1;1
10;292;5;4;2;4;2;3;1;0;0;1;1;1;0;1;0;0
10;293;3;4;3;4;2;3;0;0;1;1;1;0;0;1;0;1
10;294;4;2;5;4;4;2;1;1;1;0;1;1;0;0;1;0
10;295;4;5;4;4;4;4;1;1;1;1;1;1;0;1;1;0
10;296;2;4;2;4;2;4;1;1;0;1;0;1;0;1;1;0
10;297;5;5;5;4;5;4;1;1;1;1;1;1;1;1;1;0
10;298;5;4;4;5;4;4;1;1;0;0;1;1;1;1;1;1
10;299;5;3;3;4;3;3;1;1;0;1;1;0;0;1;1;0
10;300;4;4;5;3;4;3;1;1;1;1;1;0;0;1;1;0
10;301;4;3;3;3;3;3;1;1;0;0;1;1;0;0;1;1
10;302;4;2;5;2;4;1;1;0;1;0;1;0;0;0;1;1
10;303;5;3;4;4;4;3;1;0;0;1;1;0;1;1;1;1
10;304;4;1;2;3;1;1;0;0;1;0;0;0;0;1;0;0
10;305;2;0;2;1;0;0;0;0;0;0;0;0;0;0;0;0
10;306;5;2;2;3;2;2;0;0;0;0;1;0;1;1;0;1
10;307;3;2;0;5;0;2;0;0;0;0;0;1;0;1;0;0
10;308;4;4;5;2;4;2;1;0;1;0;1;1;0;0;1;1
10;309;3;3;4;2;3;2;0;0;1;0;0;1;1;0;1;1
10;310;5;2;3;3;3;2;1;0;1;0;1;1;0;0;0;1
10;311;4;3;3;2;3;2;1;0;0;0;1;1;1;0;0;1
10;312;4;5;5;4;4;4;1;1;1;1;1;1;0;1;1;0
10;313;1;5;1;5;0;5;0;1;0;1;0;1;0;1;0;1
10;314;3;4;4;4;3;3;0;0;1;1;0;1;1;1;1;0
10;315;1;4;5;4;1;4;1;1;0;1;0;1;0;1;0;0
10;316;5;4;5;3;5;2;1;1;1;0;1;1;1;0;1;0
10;317;5;3;5;3;5;3;1;1;1;0;1;1;1;1;1;0
10;318;1;5;2;5;0;5;0;1;0;1;0;1;0;1;0;1
10;319;5;5;5;3;5;3;1;1;1;0;1;1;1;1;1;0
10;320;4;5;4;5;4;5;1;1;1;1;1;1;0;1;1;1
10;321;3;5;5;3;3;3;1;0;0;1;0;1;1;1;1;0
10;322;3;4;5;4;3;4;1;1;1;1;1;1;0;1;0;0
10;323;1;2;1;2;0;2;0;1;0;0;0;0;0;0;0;1
10;324;5;5;5;3;5;3;1;0;1;1;1;0;1;1;1;1
11;325;3;4;3;2;2;1;1;0;0;1;1;0;0;0;0;0
11;326;2;4;5;4;2;4;0;1;1;1;1;1;0;1;0;0
11;327;4;3;5;3;4;2;1;0;1;0;1;1;1;1;0;0
11;328;3;2;4;2;3;1;1;0;1;0;1;1;0;0;0;0
11;329;4;4;4;3;4;3;0;1;1;0;1;1;1;1;1;0
11;330;5;4;5;3;5;3;1;0;1;1;1;1;1;1;1;0
11;331;2;5;5;3;2;3;0;0;0;1;1;1;1;1;0;0
11;332;2;3;3;2;1;2;0;1;0;0;1;1;0;0;0;0
11;333;4;4;4;2;4;2;1;0;0;0;1;1;1;1;1;0
11;334;3;4;4;4;3;4;1;1;0;1;1;1;0;1;1;0
11;335;3;3;4;2;3;2;1;0;1;0;0;1;0;1;1;0
11;336;4;3;2;5;2;3;0;1;0;0;0;1;1;1;1;0
11;337;3;3;3;3;3;2;1;0;0;0;1;1;0;1;1;0
11;338;3;4;3;4;3;3;1;1;1;1;0;1;0;0;1;0
11;339;5;2;4;4;4;2;1;0;1;1;1;0;1;1;0;0
11;340;4;5;3;4;3;4;1;1;0;1;1;1;0;1;1;0
11;341;5;4;1;0;1;0;0;0;1;0;0;0;0;0;0;0
11;342;3;3;4;4;3;3;1;1;0;1;0;1;1;0;1;0
11;343;4;3;4;4;3;3;1;1;0;1;1;1;0;0;1;0
11;344;3;3;3;3;2;2;1;0;0;0;1;1;0;1;0;0
11;345;5;2;3;1;3;1;0;0;0;0;1;0;1;0;1;1
11;346;2;1;3;2;2;1;1;0;1;0;0;0;0;0;0;1
11;347;2;2;5;2;2;1;1;0;1;0;0;1;0;0;0;0
11;348;5;1;4;3;4;1;1;0;1;0;1;0;0;0;1;1
11;349;2;1;3;0;2;0;0;0;0;0;1;0;0;0;1;0
11;350;3;4;4;2;3;2;1;0;1;0;1;1;0;0;0;1
11;351;4;2;4;3;4;1;1;0;1;0;1;1;0;0;1;0
11;352;4;2;4;2;3;2;1;0;0;1;0;0;1;0;1;1
11;353;3;2;2;2;2;1;1;0;0;0;1;0;0;0;0;1
11;354;4;3;2;4;2;3;0;0;0;1;1;1;0;0;1;1
11;355;2;5;3;3;2;3;1;0;1;1;0;1;0;1;0;0
11;356;2;4;5;3;2;3;0;0;1;0;0;1;0;1;1;1
11;357;2;4;5;5;2;4;1;1;0;0;0;1;1;1;0;1
11;358;3;4;0;4;0;4;0;1;0;0;0;1;0;1;0;1
11;359;0;5;3;4;0;4;0;1;0;1;0;1;0;0;0;1
11;360;4;4;5;3;4;3;1;1;1;0;1;1;0;0;1;1
11;361;2;4;5;4;2;4;0;1;1;0;0;1;0;1;1;1
11;362;2;4;4;3;2;3;1;0;0;0;0;1;0;1;1;1
11;363;1;4;4;3;1;3;1;0;0;0;0;1;0;1;0;1
11;364;3;5;2;5;1;5;1;1;0;1;0;1;0;1;0;1
11;365;1;4;3;5;1;4;0;1;0;0;0;1;1;1;0;1
12;366;4;5;4;4;4;4;1;1;0;1;1;1;1;1;1;0
12;367;4;5;5;3;4;3;1;1;0;0;1;1;1;1;1;0
12;368;3;4;4;2;3;2;1;0;0;0;1;1;1;1;0;0
12;369;5;5;5;4;5;4;1;1;1;1;1;1;1;1;1;0
12;370;5;5;5;5;5;5;1;1;1;1;1;1;1;1;1;1
12;371;3;3;2;3;2;3;1;1;0;1;1;1;0;0;0;0
12;372;2;5;3;1;1;1;0;0;0;0;1;0;0;1;0;0
12;373;4;2;5;2;4;2;1;0;1;1;1;0;1;1;0;0
12;374;3;4;2;2;1;2;0;0;0;0;1;1;0;1;0;0
12;375;4;3;5;3;4;2;1;0;1;1;1;0;0;1;1;0
12;377;3;3;4;3;3;3;1;0;0;1;1;1;0;1;1;0
12;378;4;4;3;2;2;1;1;0;1;0;0;0;0;0;0;1
12;379;5;4;4;4;4;3;1;1;0;1;1;0;1;0;1;1
12;380;4;4;2;5;2;4;1;1;0;1;0;1;1;1;0;0
12;381;4;5;2;4;2;4;1;1;0;1;0;1;0;0;1;1
12;382;3;5;4;4;3;4;1;1;1;1;1;1;0;1;0;0
12;383;3;3;3;1;1;1;0;0;0;0;0;1;0;0;1;0
12;384;4;1;3;2;3;0;1;0;1;0;1;0;0;0;0;0
12;385;4;2;5;2;4;1;1;0;1;0;1;1;1;0;0;0
12;386;5;3;2;3;2;2;1;0;0;0;0;1;1;0;0;1
12;387;1;4;1;5;0;4;0;1;0;0;0;1;0;1;0;1
12;388;3;0;4;0;2;0;1;0;0;0;1;0;0;0;0;0
12;389;3;4;2;4;2;3;1;1;0;0;1;0;0;1;0;1
12;390;5;4;3;3;3;3;1;0;0;1;1;1;0;0;1;1
12;391;4;3;4;4;4;3;1;1;0;0;1;1;1;1;1;0
12;392;4;4;3;3;3;2;1;0;0;1;1;1;1;0;0;0
12;393;1;5;4;3;1;3;1;0;0;1;0;1;0;1;0;0
12;394;0;3;3;2;0;2;0;0;0;1;0;1;0;0;0;0
12;395;2;4;2;5;1;4;0;1;0;0;0;1;1;1;0;1
12;396;0;4;3;2;0;2;0;0;0;0;0;1;0;1;0;0
12;397;3;4;5;4;3;4;0;1;1;0;0;1;1;1;1;1
12;398;2;5;4;3;2;3;0;1;1;1;0;0;0;1;1;0
13;185;2;4;3;4;1;3;0;0;0;1;0;0;1;1;0;1
13;186;3;3;3;3;2;2;0;1;0;0;0;0;1;1;1;0
13;187;4;4;5;4;4;4;1;1;0;0;1;1;1;1;1;1
13;188;1;5;4;3;1;3;0;0;0;1;1;1;0;1;0;0
13;189;4;5;5;4;4;4;1;0;1;1;0;1;1;1;1;1
13;190;2;4;5;0;2;0;1;0;0;0;0;0;0;0;1;0
13;191;2;4;4;4;2;4;0;0;1;1;0;1;1;1;0;1
13;193;4;5;4;4;4;4;0;0;1;1;1;1;1;1;1;1
13;194;3;2;4;1;2;1;1;0;0;0;1;0;0;0;0;1
13;195;4;3;5;2;4;2;1;0;1;0;1;1;1;0;0;1
13;196;1;3;2;2;1;2;1;0;0;1;0;0;0;0;0;1
13;197;3;2;3;2;2;2;0;0;0;0;1;1;1;0;0;1
13;198;2;4;5;2;2;2;1;0;0;0;1;1;0;0;0;1
13;199;3;1;3;2;2;1;0;1;1;0;1;0;0;0;0;0
13;200;4;4;5;3;4;2;1;0;1;0;1;1;1;0;0;1
13;201;4;4;5;4;4;3;1;1;0;0;1;1;1;1;1;0
13;202;3;4;3;3;3;3;1;1;0;0;1;1;0;1;1;0
13;203;4;5;3;5;3;5;1;1;0;1;1;1;0;1;1;1
13;204;1;4;5;3;1;3;0;1;0;0;1;1;0;1;0;0
13;205;3;4;4;4;3;4;1;1;0;1;1;1;1;1;0;0
13;206;2;4;1;3;1;3;0;0;0;1;1;1;0;1;0;0
13;207;4;4;5;4;4;4;1;1;1;1;1;1;1;1;0;0
13;208;2;3;1;3;1;3;0;1;0;1;1;1;0;0;0;0
13;209;2;2;4;3;2;1;0;0;0;0;1;1;0;0;1;0
13;210;4;4;5;4;4;3;1;1;1;0;1;1;0;1;1;0
13;211;3;2;4;3;3;2;1;0;1;1;0;0;0;0;1;1
13;212;5;4;5;3;5;3;1;1;1;1;1;0;1;1;1;0
13;213;4;4;3;3;2;3;0;1;0;1;1;0;0;1;1;0
13;214;4;3;4;4;4;3;1;1;0;0;1;1;1;1;1;0
13;215;4;3;4;2;3;2;1;0;0;0;1;1;0;1;1;0
13;216;3;2;4;3;3;2;1;1;0;1;1;0;0;0;1;0
13;217;3;4;4;4;3;3;1;1;0;1;1;1;0;0;1;0
13;218;5;3;2;4;2;3;1;0;0;1;1;1;0;1;0;0
13;219;2;3;3;2;1;2;0;0;0;0;0;1;1;0;0;1
14;220;1;2;1;3;0;2;0;1;0;0;0;0;0;1;0;0
14;221;1;4;3;4;1;4;0;1;0;0;0;1;0;1;1;1
14;222;5;5;5;4;5;4;1;1;1;1;1;1;1;1;1;0
14;223;2;4;4;5;2;4;0;1;0;1;1;1;0;1;1;0
14;224;2;5;0;2;0;2;0;0;0;0;0;1;0;0;0;1
14;225;2;2;4;1;2;1;1;0;1;0;0;0;0;0;0;1
14;226;3;4;4;2;3;2;1;0;0;0;1;1;0;0;1;1
14;227;3;3;5;2;3;2;1;0;1;0;1;1;0;0;0;1
14;228;5;3;5;3;5;3;1;1;1;0;1;1;1;0;1;1
14;229;5;2;3;2;3;0;1;0;0;0;1;0;1;0;0;0
14;230;5;3;2;3;2;3;1;0;0;1;1;0;0;1;0;1
14;231;4;5;4;3;3;3;1;0;0;1;1;0;0;1;1;1
14;232;3;4;5;2;3;2;1;0;1;1;1;0;0;1;0;0
14;233;3;4;3;4;2;4;1;1;0;1;0;1;0;1;1;0
14;234;1;3;0;0;0;0;0;0;0;0;0;0;0;0;0;0
14;235;4;3;4;4;3;2;1;1;1;0;0;0;0;0;1;1
14;236;4;3;3;3;3;2;1;0;0;0;1;1;0;1;1;0
14;237;3;4;5;2;3;2;1;1;0;0;1;0;1;1;0;0
14;238;3;4;4;1;3;1;1;0;0;0;1;0;0;1;1;0
14;239;3;4;5;4;3;4;1;1;0;1;1;1;0;1;1;0
14;240;3;3;4;5;3;3;1;1;0;1;1;1;0;0;1;0
14;241;5;5;5;5;5;5;1;1;1;1;1;1;1;1;1;1
14;242;4;5;3;4;3;4;1;1;0;1;1;1;0;1;1;0
15;399;5;3;4;3;4;2;1;0;1;0;0;1;1;1;1;0
15;400;3;4;4;3;3;3;1;1;0;0;1;1;0;1;1;0
15;401;3;3;4;3;2;2;0;0;1;1;0;1;0;0;1;0
15;402;4;5;5;3;4;3;1;1;0;0;1;1;1;1;1;0
15;403;4;5;5;4;4;4;1;1;1;1;1;1;0;1;1;0
15;404;3;3;5;3;3;2;1;0;0;0;1;1;0;1;1;0
15;405;5;3;5;4;5;3;1;1;1;1;1;1;1;0;1;0
15;406;3;4;5;4;3;3;1;0;1;1;1;1;0;1;0;0
15;408;4;4;2;4;2;4;1;1;0;1;1;1;0;1;0;0
15;409;3;4;5;4;3;4;0;1;1;1;1;1;1;1;0;0
15;410;3;3;4;4;2;3;1;0;0;1;0;1;0;1;1;0
15;411;2;4;4;4;2;3;1;1;0;1;1;0;0;0;0;1
15;412;4;4;3;5;3;4;1;1;0;1;1;1;0;0;1;1
15;413;5;3;3;2;3;2;1;0;0;1;1;0;0;1;1;0
15;414;5;5;5;2;5;2;1;0;1;1;1;0;1;1;1;0
15;415;3;5;5;3;3;3;1;0;0;1;1;0;0;1;1;1
15;416;5;4;3;5;3;4;1;1;0;1;1;1;0;1;1;0
15;417;3;2;4;3;3;2;1;0;0;0;1;1;0;1;1;0
15;418;4;3;4;2;3;2;1;0;1;1;1;0;0;1;0;0
15;419;4;5;4;4;3;4;1;1;0;1;1;1;0;1;1;0
15;420;3;4;4;2;2;2;1;0;0;0;0;1;0;1;1;0
15;421;3;3;4;2;3;0;1;0;0;0;1;0;0;0;1;0
15;422;4;5;5;4;4;4;1;1;1;1;1;1;0;1;1;0
15;423;2;3;4;3;2;2;1;0;0;0;1;1;0;0;0;1
15;424;3;1;5;1;3;0;0;0;1;0;1;0;0;0;1;0
15;425;4;2;4;3;3;2;1;0;1;0;1;1;0;0;0;1
15;426;5;2;4;2;4;2;1;0;0;0;1;1;1;0;1;1
15;427;4;3;5;2;4;2;0;0;1;0;1;1;1;0;1;1
15;428;4;2;5;2;4;2;1;0;1;0;1;1;0;0;1;1
15;429;5;5;5;5;5;5;1;1;1;1;1;1;1;1;1;1
15;430;3;0;3;2;1;0;0;0;0;0;0;0;1;0;0;0
15;431;1;3;3;4;1;3;0;0;0;1;1;0;0;1;0;1
15;432;3;4;2;4;1;3;0;0;0;1;1;1;0;0;0;1
15;433;3;3;1;1;1;1;0;0;0;0;1;0;0;0;0;1
15;435;3;5;3;3;1;3;0;1;1;0;0;1;0;1;0;0
15;436;2;5;5;4;2;4;1;0;0;1;0;1;0;1;1;1
15;437;4;5;5;5;4;5;1;1;0;1;1;1;1;1;1;1
15;440;3;4;5;3;3;3;1;1;1;0;0;1;0;1;1;0
15;442;3;5;4;5;2;5;0;1;1;1;1;1;0;1;0;1
15;443;4;5;5;3;4;3;1;0;1;1;0;1;1;1;1;0
15;444;3;5;4;5;2;5;1;1;1;1;0;1;0;1;0;1
15;445;3;5;5;4;3;4;1;0;0;1;1;1;0;1;1;1
15;446;2;5;4;5;2;5;1;1;1;1;0;1;0;1;0;1
15;447;2;4;4;2;1;2;0;0;0;0;1;1;0;1;0;0
15;448;3;3;5;4;3;3;1;1;0;0;1;1;1;1;0;0
16;449;4;4;4;3;4;3;1;0;0;1;1;1;1;1;1;0
16;450;2;2;3;3;2;2;1;1;0;0;1;1;0;0;0;0
16;451;3;4;4;4;3;4;1;1;0;1;1;1;0;1;1;0
16;452;5;5;5;5;5;5;1;1;1;1;1;1;1;1;1;1
16;453;4;4;5;2;4;2;1;0;1;0;1;1;1;1;0;0
16;454;3;2;3;3;2;2;1;0;0;0;1;1;0;1;0;0
16;455;3;4;3;4;2;4;0;1;0;1;1;1;0;1;1;0
16;456;4;3;3;3;3;2;1;1;1;0;0;0;0;1;1;0
16;457;4;4;4;3;3;3;1;1;0;1;1;0;0;1;1;0
16;458;5;4;4;4;4;4;0;1;1;1;1;0;1;1;1;1
16;459;4;2;4;5;3;2;1;0;0;0;1;1;0;1;1;0
16;460;5;3;5;4;5;3;1;1;1;0;1;0;1;1;1;1
16;461;5;5;5;4;5;4;1;1;1;1;1;1;1;1;1;0
16;462;5;2;5;5;5;2;1;1;1;0;1;1;1;0;1;0
16;463;4;2;3;2;2;2;1;0;0;0;0;1;0;1;1;0
16;464;4;4;5;4;4;4;1;1;1;0;1;1;0;1;1;1
16;465;5;4;4;3;4;3;1;0;0;0;1;1;1;1;1;1
16;466;4;4;4;4;3;3;1;0;0;0;1;1;0;1;1;1
16;467;1;3;4;1;1;1;1;0;0;0;0;0;0;0;0;1
16;468;5;3;3;2;3;2;1;0;0;0;1;1;0;0;1;1
16;469;3;2;2;2;1;1;0;0;1;0;0;0;0;1;0;0
16;470;2;5;5;5;2;5;1;1;0;1;0;1;0;1;1;1
16;471;2;4;4;5;2;4;1;1;0;1;0;1;1;1;0;0
16;472;1;3;3;4;1;3;0;1;1;0;0;1;0;1;0;0
16;473;2;5;1;5;0;5;0;1;0;1;0;1;0;1;0;1
16;474;5;5;5;5;5;5;1;1;1;1;1;1;1;1;1;1
16;475;3;5;3;5;3;5;1;1;0;1;1;1;0;1;1;1
